amount,calcium
29.86413493,1
33.83273224,2
0.846868293,3
8.232415302,4
5.589582158,5
20.89671009,6
7.984242292,7
0.370718897,8
0.124523837,9
0.470647556,10
3.992967863,11
1.550063069,12
0.046099642,13
0.742521535,14
0.005855117,15
0.039494099,16
0.016770009,17
0.003319299,18
0.008686002,19
0.004205536,20
