id,y,ab,AB
1,13.86915151,1,1
1,15.42887815,2,1
1,14.94396314,1,1
1,17.50471015,2,1
2,16.27078688,1,1
2,22.7274084,2,1
2,21.6775033,1,1
2,20.90793266,2,1
3,20.33705701,1,2
3,28.58653057,2,2
3,22.7234935,1,2
3,26.11329101,2,2
4,24.032775,1,2
4,26.89219581,2,2
4,24.36404321,1,2
4,24.45627601,2,2
